{
    "clinical_text_glove": {
        "fold_01": {
            "accuracy": 0.7290262245255815,
            "confusion_matrix": [
                [
                    10832,
                    648
                ],
                [
                    6306,
                    7877
                ]
            ],
            "f1": [
                0.7570060800894542,
                0.693764312136692
            ],
            "n_test": 25663,
            "n_train": 23600
        },
        "fold_02": {
            "accuracy": 0.7475968480547878,
            "confusion_matrix": [
                [
                    10929,
                    593
                ],
                [
                    5525,
                    7192
                ]
            ],
            "f1": [
                0.7813125536173864,
                0.701590088771827
            ],
            "n_test": 24239,
            "n_train": 24918
        },
        "fold_03": {
            "accuracy": 0.7478547317906381,
            "confusion_matrix": [
                [
                    10931,
                    642
                ],
                [
                    5558,
                    7458
                ]
            ],
            "f1": [
                0.7790606514147245,
                0.7063837848077288
            ],
            "n_test": 24589,
            "n_train": 24761
        },
        "fold_04": {
            "accuracy": 0.7128070929187986,
            "confusion_matrix": [
                [
                    11005,
                    541
                ],
                [
                    6812,
                    7245
                ]
            ],
            "f1": [
                0.749582808296155,
                0.6633704161516274
            ],
            "n_test": 25603,
            "n_train": 23735
        },
        "fold_05": {
            "accuracy": 0.7475404437492281,
            "confusion_matrix": [
                [
                    10997,
                    576
                ],
                [
                    5557,
                    7163
                ]
            ],
            "f1": [
                0.7819532833220748,
                0.7002297277481792
            ],
            "n_test": 24293,
            "n_train": 24888
        },
        "fold_06": {
            "accuracy": 0.7513240752324951,
            "confusion_matrix": [
                [
                    11053,
                    582
                ],
                [
                    5381,
                    6963
                ]
            ],
            "f1": [
                0.7875592290427164,
                0.7001860324802655
            ],
            "n_test": 23979,
            "n_train": 25248
        },
        "fold_07": {
            "accuracy": 0.7333682556312205,
            "confusion_matrix": [
                [
                    10871,
                    588
                ],
                [
                    6029,
                    7329
                ]
            ],
            "f1": [
                0.7666701928840932,
                0.6889776733254994
            ],
            "n_test": 24817,
            "n_train": 24392
        },
        "fold_08": {
            "accuracy": 0.7425628821139879,
            "confusion_matrix": [
                [
                    11013,
                    485
                ],
                [
                    5789,
                    7084
                ]
            ],
            "f1": [
                0.778303886925795,
                0.6930828686038548
            ],
            "n_test": 24371,
            "n_train": 24969
        },
        "fold_09": {
            "accuracy": 0.7540909090909091,
            "confusion_matrix": [
                [
                    10999,
                    570
                ],
                [
                    5381,
                    7250
                ]
            ],
            "f1": [
                0.7870764606962682,
                0.7090117842648282
            ],
            "n_test": 24200,
            "n_train": 25102
        },
        "fold_10": {
            "accuracy": 0.7307087249405027,
            "confusion_matrix": [
                [
                    10910,
                    581
                ],
                [
                    6095,
                    7205
                ]
            ],
            "f1": [
                0.7657215047725996,
                0.683391823959025
            ],
            "n_test": 24791,
            "n_train": 24594
        }
    },
    "external_glove": {
        "fold_01": {
            "accuracy": 0.7602384756263881,
            "confusion_matrix": [
                [
                    10851,
                    629
                ],
                [
                    5524,
                    8659
                ]
            ],
            "f1": [
                0.779106085083468,
                0.7378467044437818
            ],
            "n_test": 25663,
            "n_train": 23600
        },
        "fold_02": {
            "accuracy": 0.781385370683609,
            "confusion_matrix": [
                [
                    10898,
                    624
                ],
                [
                    4675,
                    8042
                ]
            ],
            "f1": [
                0.8044288614135449,
                0.7521863162325211
            ],
            "n_test": 24239,
            "n_train": 24918
        },
        "fold_03": {
            "accuracy": 0.7855545162471024,
            "confusion_matrix": [
                [
                    10866,
                    707
                ],
                [
                    4566,
                    8450
                ]
            ],
            "f1": [
                0.8047398629883356,
                0.762188246967032
            ],
            "n_test": 24589,
            "n_train": 24761
        },
        "fold_04": {
            "accuracy": 0.7557317501855252,
            "confusion_matrix": [
                [
                    10974,
                    572
                ],
                [
                    5682,
                    8375
                ]
            ],
            "f1": [
                0.7782426778242678,
                0.7281342375239089
            ],
            "n_test": 25603,
            "n_train": 23735
        },
        "fold_05": {
            "accuracy": 0.7896101757707982,
            "confusion_matrix": [
                [
                    10925,
                    648
                ],
                [
                    4463,
                    8257
                ]
            ],
            "f1": [
                0.8104298801973221,
                0.7636531791907514
            ],
            "n_test": 24293,
            "n_train": 24888
        },
        "fold_06": {
            "accuracy": 0.8008257225071937,
            "confusion_matrix": [
                [
                    10948,
                    687
                ],
                [
                    4089,
                    8255
                ]
            ],
            "f1": [
                0.8209358128374326,
                0.775627172789627
            ],
            "n_test": 23979,
            "n_train": 25248
        },
        "fold_07": {
            "accuracy": 0.7803521779425394,
            "confusion_matrix": [
                [
                    10867,
                    592
                ],
                [
                    4859,
                    8499
                ]
            ],
            "f1": [
                0.7994850101158727,
                0.7571829480155017
            ],
            "n_test": 24817,
            "n_train": 24392
        },