{
    "clinical_text_glove": {
        "fold_01": {
            "accuracy": 0.7512176487441505,
            "confusion_matrix": [
                [
                    9568,
                    843
                ],
                [
                    4367,
                    6164
                ]
            ],
            "f1": [
                0.7860018072784031,
                0.702930778880146
            ],
            "n_test": 20942,
            "n_train": 21866
        },
        "fold_02": {
            "accuracy": 0.7325796886582654,
            "confusion_matrix": [
                [
                    9340,
                    956
                ],
                [
                    4816,
                    6472
                ]
            ],
            "f1": [
                0.7639456895141502,
                0.6916007693951699
            ],
            "n_test": 21584,
            "n_train": 21064
        },
        "fold_03": {
            "accuracy": 0.7265504509978035,
            "confusion_matrix": [
                [
                    9303,
                    1003
                ],
                [
                    4848,
                    6243
                ]
            ],
            "f1": [
                0.7607637895081163,
                0.680918361782189
            ],
            "n_test": 21397,
            "n_train": 21251
        },
        "fold_04": {
            "accuracy": 0.7388278735088052,
            "confusion_matrix": [
                [
                    9224,
                    915
                ],
                [
                    4602,
                    6383
                ]
            ],
            "f1": [
                0.7697892760275402,
                0.6982442706339222
            ],
            "n_test": 21124,
            "n_train": 21384
        },
        "fold_05": {
            "accuracy": 0.7222350496421149,
            "confusion_matrix": [
                [
                    9425,
                    865
                ],
                [
                    5150,
                    6215
                ]
            ],
            "f1": [
                0.7580937060124673,
                0.6738953645974519
            ],
            "n_test": 21655,
            "n_train": 20971
        },
        "fold_06": {
            "accuracy": 0.7442500966370313,
            "confusion_matrix": [
                [
                    9468,
                    842
                ],
                [
                    4451,
                    5935
                ]
            ],
            "f1": [
                0.7815427793140451,
                0.69160403192915
            ],
            "n_test": 20696,
            "n_train": 22005
        },
        "fold_07": {
            "accuracy": 0.7573382730122542,
            "confusion_matrix": [
                [
                    9465,
                    890
                ],
                [
                    4219,
                    6480
                ]
            ],
            "f1": [
                0.7874703606639212,
                0.7172505395982068
            ],
            "n_test": 21054,
            "n_train": 21633
        },
        "fold_08": {
            "accuracy": 0.7513448339825636,
            "confusion_matrix": [
                [
                    9389,
                    917
                ],
                [
                    4445,
                    6813
                ]
            ],
            "f1": [
                0.7778790389395196,
                0.7176111228144092
            ],
            "n_test": 21564,
            "n_train": 21180
        },
        "fold_09": {
            "accuracy": 0.7386309008749159,
            "confusion_matrix": [
                [
                    9370,
                    852
                ],
                [
                    4585,
                    5995
                ]
            ],
            "f1": [
                0.7751168465897341,
                0.6880128536179492
            ],
            "n_test": 20802,
            "n_train": 21658
        },
        "fold_10": {
            "accuracy": 0.7368197879858657,
            "confusion_matrix": [
                [
                    9410,
                    850
                ],
                [
                    4736,
                    6229
                ]
            ],
            "f1": [
                0.7711218552814882,
                0.6904234094435823
            ],
            "n_test": 21225,
            "n_train": 21324
        }
    },
    "external_glove": {
        "fold_01": {
            "accuracy": 0.7584280393467673,
            "confusion_matrix": [
                [
                    9566,
                    845
                ],
                [
                    4214,
                    6317
                ]
            ],
            "f1": [
                0.7908726385845976,
                0.7140677103939411
            ],
            "n_test": 20942,
            "n_train": 21866
        },
        "fold_02": {
            "accuracy": 0.7338306152705708,
            "confusion_matrix": [
                [
                    9378,
                    918
                ],
                [
                    4827,
                    6461
                ]
            ],
            "f1": [
                0.7655197747030732,
                0.692237638613596
            ],
            "n_test": 21584,
            "n_train": 21064
        },
        "fold_03": {
            "accuracy": 0.7344487544982942,
            "confusion_matrix": [
                [
                    9322,
                    984
                ],
                [
                    4698,
                    6393
                ]
            ],
            "f1": [
                0.7664227575433692,
                0.6923326835607537
            ],
            "n_test": 21397,
            "n_train": 21251
        },
        "fold_04": {
            "accuracy": 0.7435144858928233,
            "confusion_matrix": [
                [
                    9232,
                    907
                ],
                [
                    4511,
                    6474
                ]
            ],
            "f1": [
                0.7731345783435223,
                0.7049983665468801
            ],
            "n_test": 21124,
            "n_train": 21384
        },
        "fold_05": {
            "accuracy": 0.7246825213576541,
            "confusion_matrix": [
                [
                    9393,
                    897
                ],
                [
                    5065,
                    6300
                ]
            ],
            "f1": [
                0.7590916437691936,
                0.6788061631289732
            ],
            "n_test": 21655,
            "n_train": 20971
        },
        "fold_06": {
            "accuracy": 0.7532373405488983,
            "confusion_matrix": [
                [
                    9528,
                    782
                ],
                [
                    4325,
                    6061
                ]
            ],
            "f1": [
                0.7886437942308488,
                0.7035811712809797
            ],
            "n_test": 20696,
            "n_train": 22005
        },
        "fold_07": {
            "accuracy": 0.7660777049491783,
            "confusion_matrix": [
                [
                    9480,
                    875
                ],
                [
                    4050,
                    6649
                ]
            ],
            "f1": [
                0.7938036424534226,
                0.7297371453657466
            ],
            "n_test": 21054,
            "n_train": 21633
        },
        "fold_08": {
            "accuracy": 0.7525969207939158,