{
    "clinical_text_glove": {
        "fold_01": {
            "accuracy": 0.693579805606876,
            "confusion_matrix": [
                [
                    100131,
                    1899
                ],
                [
                    59135,
                    38019
                ]
            ],
            "f1": [
                0.7664181617782132,
                0.5547303606863546
            ],
            "n_test": 199184,
            "n_train": 215316
        },
        "fold_02": {
            "accuracy": 0.7124135152134602,
            "confusion_matrix": [
                [
                    100044,
                    1990
                ],
                [
                    56535,
                    44935
                ]
            ],
            "f1": [
                0.7736966045790428,
                0.6056133966777857
            ],
            "n_test": 203504,
            "n_train": 211002
        },
        "fold_03": {
            "accuracy": 0.7205227931918624,
            "confusion_matrix": [
                [
                    100038,
                    1943
                ],
                [
                    52884,
                    41312
                ]
            ],
            "f1": [
                0.7849103384424663,
                0.6011160340775986
            ],
            "n_test": 196177,
            "n_train": 218686
        },
        "fold_04": {
            "accuracy": 0.6647411905938846,
            "confusion_matrix": [
                [
                    100215,
                    1841
                ],
                [
                    69373,
                    40986
                ]
            ],
            "f1": [
                0.737840703273402,
                0.5351141749246013
            ],
            "n_test": 212415,
            "n_train": 202219
        },
        "fold_05": {
            "accuracy": 0.6506976852174317,
            "confusion_matrix": [
                [
                    99904,
                    1760
                ],
                [
                    73464,
                    40227
                ]
            ],
            "f1": [
                0.726490008435382,
                0.5167974922596642
            ],
            "n_test": 215355,
            "n_train": 199585
        },
        "fold_06": {
            "accuracy": 0.6941726799179542,
            "confusion_matrix": [
                [
                    100013,
                    1796
                ],
                [
                    60379,
                    41113
                ]
            ],
            "f1": [
                0.7628727579223572,
                0.569428189555474
            ],
            "n_test": 203301,
            "n_train": 211345
        },
        "fold_07": {
            "accuracy": 0.6836333428366382,
            "confusion_matrix": [
                [
                    100118,
                    1676
                ],
                [
                    62685,
                    38959
                ]
            ],
            "f1": [
                0.7567583910626349,
                0.5476423084221845
            ],
            "n_test": 203438,
            "n_train": 211451
        },
        "fold_08": {
            "accuracy": 0.6853058712028687,
            "confusion_matrix": [
                [
                    100065,
                    1686
                ],
                [
                    62730,
                    40213
                ]
            ],
            "f1": [
                0.7565035948379488,
                0.5552671186534293
            ],
            "n_test": 204694,
            "n_train": 209667
        },
        "fold_09": {
            "accuracy": 0.6932465732327121,
            "confusion_matrix": [
                [
                    100320,
                    1819
                ],
                [
                    61917,
                    43720
                ]
            ],
            "f1": [
                0.7589191151995642,
                0.5783986876223739
            ],
            "n_test": 207776,
            "n_train": 207246
        },
        "fold_10": {
            "accuracy": 0.7001457252291726,
            "confusion_matrix": [
                [
                    99739,
                    1993
                ],
                [
                    58914,
                    42476
                ]
            ],
            "f1": [
                0.7660886763830481,
                0.582425493113212
            ],
            "n_test": 203122,
            "n_train": 211438
        }
    },
    "external_glove": {
        "fold_01": {
            "accuracy": 0.7266045465499237,
            "confusion_matrix": [
                [
                    100199,
                    1831
                ],
                [
                    52625,
                    44529
                ]
            ],
            "f1": [
                0.7863247192510221,
                0.6205526986914168
            ],
            "n_test": 199184,
            "n_train": 215316
        },
        "fold_02": {
            "accuracy": 0.7234894645805487,
            "confusion_matrix": [
                [
                    100127,
                    1907
                ],
                [
                    54364,
                    47106
                ]
            ],
            "f1": [
                0.780641263034792,
                0.6260640736827415
            ],
            "n_test": 203504,
            "n_train": 211002
        },
        "fold_03": {
            "accuracy": 0.7390162965077456,
            "confusion_matrix": [
                [
                    100191,
                    1790
                ],
                [
                    49409,
                    44787
                ]
            ],
            "f1": [
                0.7964909909730862,
                0.6363009952192538
            ],
            "n_test": 196177,
            "n_train": 218686
        },
        "fold_04": {
            "accuracy": 0.6894522514888308,
            "confusion_matrix": [
                [
                    100270,
                    1786
                ],
                [
                    64179,
                    46180
                ]
            ],
            "f1": [
                0.7524811917224818,
                0.5833570187904626
            ],
            "n_test": 212415,
            "n_train": 202219
        },
        "fold_05": {
            "accuracy": 0.6863179401453414,
            "confusion_matrix": [
                [
                    99898,
                    1766
                ],
                [
                    65787,
                    47904
                ]
            ],
            "f1": [
                0.7473227878166742,
                0.5864802492639002
            ],
            "n_test": 215355,
            "n_train": 199585
        },
        "fold_06": {
            "accuracy": 0.7161991333048042,
            "confusion_matrix": [
                [
                    99969,
                    1840
                ],
                [
                    55857,
                    45635
                ]
            ],
            "f1": [
                0.7760513905331187,
                0.6126860311344123
            ],
            "n_test": 203301,
            "n_train": 211345
        },
        "fold_07": {
            "accuracy": 0.7089137722549376,
            "confusion_matrix": [
                [
                    100123,
                    1671
                ],
                [
                    57547,
                    44097
                ]
            ],
            "f1": [
                0.7717679523941664,
                0.598282365072043
            ],
            "n_test": 203438,