{
    "clinical_text_glove": {
        "fold_01": {
            "accuracy": 0.7992412189450495,
            "confusion_matrix": [
                [
                    18071,
                    1027
                ],
                [
                    7175,
                    14582
                ]
            ],
            "f1": [
                0.8150369835828972,
                0.7804956377455441
            ],
            "n_test": 40855,
            "n_train": 39333
        },
        "fold_02": {
            "accuracy": 0.7926435847283257,
            "confusion_matrix": [
                [
                    17796,
                    1142
                ],
                [
                    7021,
                    13408
                ]
            ],
            "f1": [
                0.8134384641755229,
                0.7666314074158781
            ],
            "n_test": 39367,
            "n_train": 40738
        },
        "fold_03": {
            "accuracy": 0.7989982146399524,
            "confusion_matrix": [
                [
                    17892,
                    1182
                ],
                [
                    6924,
                    14330
                ]
            ],
            "f1": [
                0.815311004784689,
                0.7795245607354621
            ],
            "n_test": 40328,
            "n_train": 39756
        },
        "fold_04": {
            "accuracy": 0.7997359374221513,
            "confusion_matrix": [
                [
                    17822,
                    1176
                ],
                [
                    6863,
                    14281
                ]
            ],
            "f1": [
                0.8159695991575671,
                0.7803611923171498
            ],
            "n_test": 40142,
            "n_train": 39902
        },
        "fold_05": {
            "accuracy": 0.7869129986751068,
            "confusion_matrix": [
                [
                    18018,
                    1129
                ],
                [
                    7556,
                    14055
                ]
            ],
            "f1": [
                0.8057959347957336,
                0.763962494904199
            ],
            "n_test": 40758,
            "n_train": 39085
        },
        "fold_06": {
            "accuracy": 0.7892174265861946,
            "confusion_matrix": [
                [
                    17909,
                    1142
                ],
                [
                    7170,
                    13213
                ]
            ],
            "f1": [
                0.8116474053931565,
                0.7607231274109045
            ],
            "n_test": 39434,
            "n_train": 40476
        },
        "fold_07": {
            "accuracy": 0.7895473168781852,
            "confusion_matrix": [
                [
                    17968,
                    1090
                ],
                [
                    7334,
                    13636
                ]
            ],
            "f1": [
                0.8100991884580703,
                0.764007171671896
            ],
            "n_test": 40028,
            "n_train": 39970
        },
        "fold_08": {
            "accuracy": 0.7931738549570215,
            "confusion_matrix": [
                [
                    17869,
                    1194
                ],
                [
                    7011,
                    13597
                ]
            ],
            "f1": [
                0.8132808410895933,
                0.7682137913500381
            ],
            "n_test": 39671,
            "n_train": 40467
        },
        "fold_09": {
            "accuracy": 0.7899349151847487,
            "confusion_matrix": [
                [
                    17899,
                    1078
                ],
                [
                    7120,
                    12929
                ]
            ],
            "f1": [
                0.8136648786253294,
                0.7592788348602302
            ],
            "n_test": 39026,
            "n_train": 41027
        },
        "fold_10": {
            "accuracy": 0.8014939686064705,
            "confusion_matrix": [
                [
                    17948,
                    1141
                ],
                [
                    6725,
                    13812
                ]
            ],
            "f1": [
                0.8202550157671039,
                0.7783601014370245
            ],
            "n_test": 39626,
            "n_train": 40251
        }
    },
    "external_glove": {
        "fold_01": {
            "accuracy": 0.8030106474115776,
            "confusion_matrix": [
                [
                    18278,
                    820
                ],
                [
                    7228,
                    14529
                ]
            ],
            "f1": [
                0.8195677517711415,
                0.7831078531773837
            ],
            "n_test": 40855,
            "n_train": 39333
        },
        "fold_02": {
            "accuracy": 0.8053699799324308,
            "confusion_matrix": [
                [
                    18084,
                    854
                ],
                [
                    6808,
                    13621
                ]
            ],
            "f1": [
                0.8251882272416153,
                0.780483612193445
            ],
            "n_test": 39367,
            "n_train": 40738
        },
        "fold_03": {
            "accuracy": 0.8111981749652847,
            "confusion_matrix": [
                [
                    18187,
                    887
                ],
                [
                    6727,
                    14527
                ]
            ],
            "f1": [
                0.8269073383650087,
                0.7923530053452601
            ],
            "n_test": 40328,
            "n_train": 39756
        },
        "fold_04": {
            "accuracy": 0.8121668078321957,
            "confusion_matrix": [
                [
                    18059,
                    939
                ],
                [
                    6601,
                    14543
                ]
            ],
            "f1": [
                0.8272939667414908,
                0.794135313711571
            ],
            "n_test": 40142,
            "n_train": 39902
        },
        "fold_05": {
            "accuracy": 0.8025418322783258,
            "confusion_matrix": [
                [
                    18297,
                    850
                ],
                [
                    7198,
                    14413
                ]
            ],
            "f1": [
                0.819721338649702,
                0.7817432337148126
            ],
            "n_test": 40758,
            "n_train": 39085
        },
        "fold_06": {
            "accuracy": 0.8141451539280824,
            "confusion_matrix": [
                [
                    18217,
                    834
                ],
                [
                    6495,
                    13888
                ]
            ],
            "f1": [
                0.8325297625848319,
                0.7912263210368893
            ],
            "n_test": 39434,
            "n_train": 40476
        },
        "fold_07": {
            "accuracy": 0.8157539722194463,
            "confusion_matrix": [
                [
                    18190,
                    868
                ],
                [
                    6507,
                    14463
                ]
            ],
            "f1": [
                0.8314478345331963,
                0.7968375526844991
            ],
            "n_test": 40028,
            "n_train": 39970
        },