{
    "clinical_text_glove": {
        "fold_01": {
            "accuracy": 0.6838680524175328,
            "confusion_matrix": [
                [
                    63685,
                    2029
                ],
                [
                    39947,
                    27119
                ]
            ],
            "f1": [
                0.7521287777685921,
                0.5637225351819901
            ],
            "n_test": 132780,
            "n_train": 135193
        },
        "fold_02": {
            "accuracy": 0.7081858983196238,
            "confusion_matrix": [
                [
                    63967,
                    1958
                ],
                [
                    36143,
                    28498
                ]
            ],
            "f1": [
                0.7705242870479114,
                0.5993459309967717
            ],
            "n_test": 130566,
            "n_train": 137160
        },
        "fold_03": {
            "accuracy": 0.677429624913003,
            "confusion_matrix": [
                [
                    64376,
                    1841
                ],
                [
                    41726,
                    27119
                ]
            ],
            "f1": [
                0.7471723953829815,
                0.554552425745105
            ],
            "n_test": 135062,
            "n_train": 133798
        },
        "fold_04": {
            "accuracy": 0.6522473110620415,
            "confusion_matrix": [
                [
                    63658,
                    1988
                ],
                [
                    46833,
                    27911
                ]
            ],
            "f1": [
                0.7228237110885277,
                0.5334518314650765
            ],
            "n_test": 140390,
            "n_train": 127457
        },
        "fold_05": {
            "accuracy": 0.6541918602595382,
            "confusion_matrix": [
                [
                    64118,
                    1789
                ],
                [
                    47110,
                    28388
                ]
            ],
            "f1": [
                0.7239450136901234,
                0.5372699313934232
            ],
            "n_test": 141405,
            "n_train": 126633
        },
        "fold_06": {
            "accuracy": 0.6479841847357463,
            "confusion_matrix": [
                [
                    63851,
                    1852
                ],
                [
                    48362,
                    28582
                ]
            ],
            "f1": [
                0.717765687178219,
                0.5323623088528376
            ],
            "n_test": 142647,
            "n_train": 125249
        },
        "fold_07": {
            "accuracy": 0.6939466424155349,
            "confusion_matrix": [
                [
                    64271,
                    1908
                ],
                [
                    38140,
                    26534
                ]
            ],
            "f1": [
                0.7624532890444273,
                0.5699127969414495
            ],
            "n_test": 130853,
            "n_train": 137008
        },
        "fold_08": {
            "accuracy": 0.6739365589826048,
            "confusion_matrix": [
                [
                    63929,
                    1886
                ],
                [
                    42726,
                    28279
                ]
            ],
            "f1": [
                0.7413347248796892,
                0.5590392408816842
            ],
            "n_test": 136820,
            "n_train": 131299
        },
        "fold_09": {
            "accuracy": 0.6729356898467975,
            "confusion_matrix": [
                [
                    64246,
                    2065
                ],
                [
                    42959,
                    28391
                ]
            ],
            "f1": [
                0.740519606261094,
                0.5577470875979805
            ],
            "n_test": 137661,
            "n_train": 130357
        },
        "fold_10": {
            "accuracy": 0.6787256458577555,
            "confusion_matrix": [
                [
                    64022,
                    1957
                ],
                [
                    41345,
                    27458
                ]
            ],
            "f1": [
                0.747283274777351,
                0.5591235822354355
            ],
            "n_test": 134782,
            "n_train": 132758
        }
    },
    "external_glove": {
        "fold_01": {
            "accuracy": 0.6930637144148215,
            "confusion_matrix": [
                [
                    63707,
                    2007
                ],
                [
                    38748,
                    28318
                ]
            ],
            "f1": [
                0.7576545023161225,
                0.5815321744309022
            ],
            "n_test": 132780,
            "n_train": 135193
        },
        "fold_02": {
            "accuracy": 0.7144892238408161,
            "confusion_matrix": [
                [
                    64018,
                    1907
                ],
                [
                    35371,
                    29270
                ]
            ],
            "f1": [
                0.7745018570719963,
                0.6109499259011876
            ],
            "n_test": 130566,
            "n_train": 137160
        },
        "fold_03": {
            "accuracy": 0.684692955827694,
            "confusion_matrix": [
                [
                    64369,
                    1848
                ],
                [
                    40738,
                    28107
                ]
            ],
            "f1": [
                0.7514300389904508,
                0.5689676113360324
            ],
            "n_test": 135062,
            "n_train": 133798
        },
        "fold_04": {
            "accuracy": 0.6651969513498113,
            "confusion_matrix": [
                [
                    63553,
                    2093
                ],
                [
                    44910,
                    29834
                ]
            ],
            "f1": [
                0.7300369308881218,
                0.5593647758059829
            ],
            "n_test": 140390,
            "n_train": 127457
        },
        "fold_05": {
            "accuracy": 0.6576570842615184,
            "confusion_matrix": [
                [
                    64062,
                    1845
                ],
                [
                    46564,
                    28934
                ]
            ],
            "f1": [
                0.7257793160485575,
                0.5445016325263227
            ],
            "n_test": 141405,
            "n_train": 126633
        },
        "fold_06": {
            "accuracy": 0.6585977973599164,
            "confusion_matrix": [
                [
                    63727,
                    1976
                ],
                [
                    46724,
                    30220
                ]
            ],
            "f1": [
                0.723537359356018,
                0.5537841304746198
            ],
            "n_test": 142647,
            "n_train": 125249
        },
        "fold_07": {
            "accuracy": 0.6984325922982277,
            "confusion_matrix": [
                [
                    64286,
                    1893
                ],
                [
                    37568,
                    27106
                ]
            ],
            "f1": [
                0.7651592246761054,
                0.5787366690508471
            ],
            "n_test": 130853,